category,asset,old_vertices,new_vertices,old_triangles,new_triangles,old_mesh_material_texture_bytes,new_mesh_material_texture_bytes
trees,birch_01,469869,4897,347454,3128,39142845,766384
trees,birch_02,325811,4899,269642,2630,34065721,763460
trees,birch_03,279262,4895,223784,2661,32301005,763518
trees,birch_branch_cluster,764,540,516,180,3173686,67926
trees,birch_branch_large,764,540,516,180,3173686,67926
trees,birch_leaf_single,52,72,48,24,3148094,52014
trees,oak_01,1041995,4898,777837,2937,56888430,568325
trees,oak_02,613238,4891,443620,3009,41161980,568533
trees,oak_03,1453182,4894,1127475,2970,72145166,568395
Grasses,grass_different_strand1,72,72,64,64,789534,52254
Grasses,grass_different_strand2,44,44,36,36,788470,51190
Grasses,grass_different_strand3,72,72,64,64,789534,52254
Grasses,grass_different_strand3_002,536,478,480,480,1593647,117231
Grasses,grass_different_strand3_003,201866,498,207468,370,11637827,117211
Grasses,grass_different_strand_big,160,160,152,152,1579647,105087
Grasses,grass_different_strand_big2,160,160,152,152,1579647,105087
Grasses,grass_different_strand_mid,96,96,104,104,1577311,102751
Grasses,grass_different_strand_singl,68,68,74,74,789466,52186
Grasses,grass_green_low,10938,396,11804,384,3566982,64542
Grasses,grass_green_strand1_001,72,72,64,64,789534,52254
Grasses,grass_green_strand2_001,44,44,36,36,788470,51190
Grasses,grass_green_strand3_001,1008,498,880,394,1611151,117355
Grasses,grass_green_strand3_004,536,478,480,480,1593647,117231
Grasses,grass_green_strand3_005,72,72,64,64,789534,52254
Grasses,grass_green_strand_mid_001,96,96,104,104,1577311,102751
Grasses,grass_mix_low,9766,416,10322,408,3520586,65326
Grasses,grass_old_low,12142,444,12616,428,3610382,66342
Grasses,grass_old_strand1_003,72,72,64,64,789534,52254
Grasses,grass_old_strand3_007,11608,498,11428,354,2800408,166604
Grasses,grass_old_strand3_008,11116,488,11018,438,3568973,216277
Grasses,grass_old_strand3_009,72,72,64,64,789534,52254
Grasses,grass_old_strand3_010,1008,496,880,384,1611151,117231
Grasses,grass_old_strand3_011,536,472,480,480,1593647,117039
Grasses,grass_old_strand_big2_001,160,160,152,152,1579647,105087
Grasses,grass_old_strand_big_001,160,160,152,152,1579647,105087
Grasses,grass_old_strand_mid_002,96,96,104,104,1577311,102751
Grasses,grass_old_strand_singl_001,68,68,74,74,789466,52186
Grasses,grass_young_low,7572,448,7888,432,3435774,66494
Grasses,grass_young_strand1_002,72,72,64,64,789534,52254
Grasses,grass_young_strand2_002,44,44,36,36,788470,51190
Grasses,grass_young_strand3_006,72,72,64,64,789534,52254
